epoch,train_loss,valid_loss,valid_auc,valid_f1
1,0.6779449880123138,0.6385533809661865,0.875,0.8571428571428571
2,0.6376291662454605,0.5902435183525085,0.9285714285714285,0.9285714285714286
